{
  "https://webserver-sol-uat.lfr.cloud/web/gulfstream-petroleum-srl-jamaica/login?p_p_id=com_liferay_login_web_portlet_LoginPortlet&p_p_lifecycle=1&p_p_state=normal&p_p_mode=view&_com_liferay_login_web_portlet_LoginPortlet_javax.portlet.action=%2Flogin%2Flogin&_com_liferay_login_web_portlet_LoginPortlet_mvcRenderCommandName=%2Flogin%2Flogin-2" : {
    "transaction" : "https://webserver-sol-uat.lfr.cloud/web/gulfstream-petroleum-srl-jamaica/login?p_p_id=com_liferay_login_web_portlet_LoginPortlet&p_p_lifecycle=1&p_p_state=normal&p_p_mode=view&_com_liferay_login_web_portlet_LoginPortlet_javax.portlet.action=%2Flogin%2Flogin&_com_liferay_login_web_portlet_LoginPortlet_mvcRenderCommandName=%2Flogin%2Flogin-2",
    "sampleCount" : 50,
    "errorCount" : 0,
    "errorPct" : 0.0,
    "meanResTime" : 1215.34,
    "medianResTime" : 1199.5,
    "minResTime" : 749.0,
    "maxResTime" : 2059.0,
    "pct1ResTime" : 1531.8999999999999,
    "pct2ResTime" : 1736.9999999999993,
    "pct3ResTime" : 2059.0,
    "throughput" : 4.929508035098097,
    "receivedKBytesPerSec" : 984.5413708961845,
    "sentKBytesPerSec" : 4.31813350340136
  },
  "https://webserver-sol-uat.lfr.cloud/web/gulfstream-petroleum-srl-jamaica/login?p_p_id=com_liferay_login_web_portlet_LoginPortlet&p_p_lifecycle=1&p_p_state=normal&p_p_mode=view&_com_liferay_login_web_portlet_LoginPortlet_javax.portlet.action=%2Flogin%2Flogin&_com_liferay_login_web_portlet_LoginPortlet_mvcRenderCommandName=%2Flogin%2Flogin" : {
    "transaction" : "https://webserver-sol-uat.lfr.cloud/web/gulfstream-petroleum-srl-jamaica/login?p_p_id=com_liferay_login_web_portlet_LoginPortlet&p_p_lifecycle=1&p_p_state=normal&p_p_mode=view&_com_liferay_login_web_portlet_LoginPortlet_javax.portlet.action=%2Flogin%2Flogin&_com_liferay_login_web_portlet_LoginPortlet_mvcRenderCommandName=%2Flogin%2Flogin",
    "sampleCount" : 50,
    "errorCount" : 0,
    "errorPct" : 0.0,
    "meanResTime" : 3587.1600000000008,
    "medianResTime" : 3485.5,
    "minResTime" : 2782.0,
    "maxResTime" : 5033.0,
    "pct1ResTime" : 4235.3,
    "pct2ResTime" : 4491.349999999999,
    "pct3ResTime" : 5033.0,
    "throughput" : 4.177109440267335,
    "receivedKBytesPerSec" : 839.6183329417292,
    "sentKBytesPerSec" : 13.669427474937343
  },
  "Test" : {
    "transaction" : "Test",
    "sampleCount" : 50,
    "errorCount" : 0,
    "errorPct" : 0.0,
    "meanResTime" : 9382.54,
    "medianResTime" : 9407.0,
    "minResTime" : 7478.0,
    "maxResTime" : 12332.0,
    "pct1ResTime" : 10740.1,
    "pct2ResTime" : 11123.75,
    "pct3ResTime" : 12332.0,
    "throughput" : 4.053834927841739,
    "receivedKBytesPerSec" : 3442.622479654816,
    "sentKBytesPerSec" : 22.319845042159884
  },
  "Total" : {
    "transaction" : "Total",
    "sampleCount" : 350,
    "errorCount" : 0,
    "errorPct" : 0.0,
    "meanResTime" : 1852.6571428571428,
    "medianResTime" : 1608.0,
    "minResTime" : 368.0,
    "maxResTime" : 5033.0,
    "pct1ResTime" : 3532.7000000000003,
    "pct2ResTime" : 3764.95,
    "pct3ResTime" : 4322.990000000002,
    "throughput" : 10.700418844966217,
    "receivedKBytesPerSec" : 1605.4155464665687,
    "sentKBytesPerSec" : 13.418814871289246
  },
  "https://webserver-sol-uat.lfr.cloud/web/gulfstream-petroleum-srl-jamaica/home" : {
    "transaction" : "https://webserver-sol-uat.lfr.cloud/web/gulfstream-petroleum-srl-jamaica/home",
    "sampleCount" : 50,
    "errorCount" : 0,
    "errorPct" : 0.0,
    "meanResTime" : 3036.6800000000003,
    "medianResTime" : 3269.5,
    "minResTime" : 1514.0,
    "maxResTime" : 3781.0,
    "pct1ResTime" : 3637.1,
    "pct2ResTime" : 3768.5499999999997,
    "pct3ResTime" : 3781.0,
    "throughput" : 13.22401481089659,
    "receivedKBytesPerSec" : 2929.6523737106586,
    "sentKBytesPerSec" : 8.303751487701666
  },
  "https://webserver-sol-uat.lfr.cloud/web/gulfstream-petroleum-srl-jamaica/login" : {
    "transaction" : "https://webserver-sol-uat.lfr.cloud/web/gulfstream-petroleum-srl-jamaica/login",
    "sampleCount" : 50,
    "errorCount" : 0,
    "errorPct" : 0.0,
    "meanResTime" : 875.8200000000002,
    "medianResTime" : 843.5,
    "minResTime" : 411.0,
    "maxResTime" : 1355.0,
    "pct1ResTime" : 1155.7,
    "pct2ResTime" : 1239.05,
    "pct3ResTime" : 1355.0,
    "throughput" : 7.572315614114796,
    "receivedKBytesPerSec" : 1253.7854183231107,
    "sentKBytesPerSec" : 5.753185105255187
  },
  "https://webserver-sol-uat.lfr.cloud/web/gulfstream-petroleum-srl-jamaica/g/diesel-engine-oils-2" : {
    "transaction" : "https://webserver-sol-uat.lfr.cloud/web/gulfstream-petroleum-srl-jamaica/g/diesel-engine-oils-2",
    "sampleCount" : 50,
    "errorCount" : 0,
    "errorPct" : 0.0,
    "meanResTime" : 1882.8799999999999,
    "medianResTime" : 1796.5,
    "minResTime" : 1293.0,
    "maxResTime" : 2869.0,
    "pct1ResTime" : 2410.6,
    "pct2ResTime" : 2678.1499999999987,
    "pct3ResTime" : 2869.0,
    "throughput" : 3.302291790502609,
    "receivedKBytesPerSec" : 862.2490903218084,
    "sentKBytesPerSec" : 2.792758486889902
  },
  "https://webserver-sol-uat.lfr.cloud/web/gulfstream-petroleum-srl-jamaica/login?p_p_id=com_liferay_login_web_portlet_LoginPortlet&p_p_lifecycle=1&p_p_state=normal&p_p_mode=view&_com_liferay_login_web_portlet_LoginPortlet_javax.portlet.action=%2Flogin%2Flogin&_com_liferay_login_web_portlet_LoginPortlet_mvcRenderCommandName=%2Flogin%2Flogin-1" : {
    "transaction" : "https://webserver-sol-uat.lfr.cloud/web/gulfstream-petroleum-srl-jamaica/login?p_p_id=com_liferay_login_web_portlet_LoginPortlet&p_p_lifecycle=1&p_p_state=normal&p_p_mode=view&_com_liferay_login_web_portlet_LoginPortlet_javax.portlet.action=%2Flogin%2Flogin&_com_liferay_login_web_portlet_LoginPortlet_mvcRenderCommandName=%2Flogin%2Flogin-1",
    "sampleCount" : 50,
    "errorCount" : 0,
    "errorPct" : 0.0,
    "meanResTime" : 572.24,
    "medianResTime" : 508.5,
    "minResTime" : 368.0,
    "maxResTime" : 923.0,
    "pct1ResTime" : 860.1999999999999,
    "pct2ResTime" : 903.0999999999999,
    "pct3ResTime" : 923.0,
    "throughput" : 5.5561729081008995,
    "receivedKBytesPerSec" : 3.262081203467052,
    "sentKBytesPerSec" : 4.6500392404711635
  },
  "https://webserver-sol-uat.lfr.cloud/web/gulfstream-petroleum-srl-jamaica/login?p_p_id=com_liferay_login_web_portlet_LoginPortlet&p_p_lifecycle=1&p_p_state=normal&p_p_mode=view&_com_liferay_login_web_portlet_LoginPortlet_javax.portlet.action=%2Flogin%2Flogin&_com_liferay_login_web_portlet_LoginPortlet_mvcRenderCommandName=%2Flogin%2Flogin-0" : {
    "transaction" : "https://webserver-sol-uat.lfr.cloud/web/gulfstream-petroleum-srl-jamaica/login?p_p_id=com_liferay_login_web_portlet_LoginPortlet&p_p_lifecycle=1&p_p_state=normal&p_p_mode=view&_com_liferay_login_web_portlet_LoginPortlet_javax.portlet.action=%2Flogin%2Flogin&_com_liferay_login_web_portlet_LoginPortlet_mvcRenderCommandName=%2Flogin%2Flogin-0",
    "sampleCount" : 50,
    "errorCount" : 0,
    "errorPct" : 0.0,
    "meanResTime" : 1798.4799999999998,
    "medianResTime" : 1865.0,
    "minResTime" : 1428.0,
    "maxResTime" : 2139.0,
    "pct1ResTime" : 2041.3,
    "pct2ResTime" : 2119.2999999999997,
    "pct3ResTime" : 2139.0,
    "throughput" : 5.029675082989638,
    "receivedKBytesPerSec" : 3.487863551202092,
    "sentKBytesPerSec" : 7.844131940951614
  }
}